nom_collab,prenom_collab,nom_parlementaire,prenom_parlementaire,id_parlementaire
Abbaci,Assiba,Laouedj,Ahmed,AHMEDLAOUEDJ
Abderrahim,Yasmine,Cazebonne,Samantha,SAMANTHACAZEBONNE
Abi saad,Elie,Khalifé,Khalifé,KHALIFEKHALIFE
Achin-charbonnel,Laurence,Bouchet,Gilbert,GILBERTBOUCHET
Adriencense,Tanneguy,Hochart,Joshua,JOSHUAHOCHART
Ahamada,Mounayat,Ramia,Salama,SALAMARAMIA
Aidaoui,Romain,Tabarot,Philippe,PHILIPPETABAROT
Aironi,Louis-Victor,Capo-canellas,Vincent,VINCENTCAPOCANELLAS
Ait kassi,Yassin,Fagnen,Sébastien,SEBASTIENFAGNEN
Alain,Ludovic,Blatrix contat,Florence,FLORENCEBLATRIXCONTAT
Alard,Thomas,Lassarade,Florence,FLORENCELASSARADE
Alcaide-roeygens,Stéphanie,Rambaud,Didier,DIDIERRAMBAUD
Alcide,Kerwin,Phinera-horth,Marie-Laure,MARIELAUREPHINERAHORTH
Alicot,Karine,Vayssouze-faure,Jean-Marc,JEANMARCVAYSSOUZEFAURE
Allarousse,Virginie,Michallet,Damien,DAMIENMICHALLET
Allegrini,Marie,Carlotti,Marie-Arlette,MARIEARLETTECARLOTTI
Alliey,Sylvie,Michau,Jean-Jacques,JEANJACQUESMICHAU
Aloy,Dorian,Cazabonne,Alain,ALAINCAZABONNE
Alphonse,Valéry,Patient,Georges,GEORGESPATIENT
Amar,Fabienne,Arnaud,Jean-Michel,JEANMICHELARNAUD
Amoussou,Syndie,Ruelle,Jean-Luc,JEANLUCRUELLE
Amoussou,Syndie,Briante guillemont,Sophie,SOPHIEBRIANTEGUILLEMONT
Angibaud,Justine,Gillé,Hervé,HERVEGILLE
Archambault,Mathilde,Cazebonne,Samantha,SAMANTHACAZEBONNE
Arif,Sara,Poumirol,Emilienne,EMILIENNEPOUMIROL
Arnold,Delphine,Laurent,Daniel,DANIELLAURENT
Arnoux daumas,Stéphanie,Hervé,Loïc,LOICHERVE
Arruga,Béatrice,Brault,Jean-Luc,JEANLUCBRAULT
Artal,Valentin,Pantel,Guylène,GUYLENEPANTEL
Artaz,Max,Dossus,Thomas,THOMASDOSSUS
Artiga,Lydie,Vermeillet,Sylvie,SYLVIEVERMEILLET
Artiguebere,Romain,Estrosi sassone,Dominique,DOMINIQUEESTROSISASSONE
Aubert,Nicolas,Courtial,Édouard,EDOUARDCOURTIAL
Auger,Maryse,Raynal,Claude,CLAUDERAYNAL
Authier,Marc-Antoine,Paoli-gagin,Vanina,VANINAPAOLIGAGIN
Bachelier,Juliette,Vermeillet,Sylvie,SYLVIEVERMEILLET
Bach-toussaint,Anne-Sophie,Bruyen,Christian,CHRISTIANBRUYEN
Badouard,Benjamin,Dossus,Thomas,THOMASDOSSUS
Balana,Camille,Margaté,Marianne,MARIANNEMARGATE
Ballarin,Thierry,Carrère,Maryse,MARYSECARRERE
Balsamello,Jessica,Antoine,Jocelyne,JOCELYNEANTOINE
Balthasar,Christine,Reichardt,André,ANDREREICHARDT
Barbolosi,Anne,Parigi,Paul Toussaint,PAULTOUSSAINTPARIGI
Barillon,Brigitte,De la provôté,Sonia,SONIADELAPROVOTE
Barlet,Marie-Claude,Cigolotti,Olivier,OLIVIERCIGOLOTTI
Barreto,Valérie,Michau,Jean-Jacques,JEANJACQUESMICHAU
Bassaisteguy,Virginie,Saury,Hugues,HUGUESSAURY
Bastide,Stéphanie,Canalès,Marion,MARIONCANALES
Batal,Antoine,Devésa,Brigitte,BRIGITTEDEVESA
Batigne,Thomas,De cidrac,Marta,MARTADECIDRAC
Battistig-force,Corinne,Duffourg,Alain,ALAINDUFFOURG
Baudet,Nadine,Fialaire,Bernard,BERNARDFIALAIRE
Baudino,Antoine,Ravier,Stéphane,STEPHANERAVIER
Bauhain,Matthieu,Savoldelli,Pascal,PASCALSAVOLDELLI
Bayol,Philippe,Jeansannetas,Éric,ERICJEANSANNETAS
Bayoumi,Najib,Cardon,Rémi,REMICARDON
Beauchier dompietrini,Aurélia,Parigi,Paul Toussaint,PAULTOUSSAINTPARIGI
Beaufrere,Mathieu,Lafon,Laurent,LAURENTLAFON
Beaujot,Emilie,Joseph,Else,ELSEJOSEPH
Beauvais,Hugo,Olivier,Jean-Baptiste,JEANBAPTISTEOLIVIER
Beauvarlet,Matthieu,Somon,Laurent,LAURENTSOMON
Beghin,Elise,Poncet monge,Raymonde,RAYMONDEPONCETMONGE
Begue,Julien,Carrère,Maryse,MARYSECARRERE
Behiels,Lili,Gontard,Guillaume,GUILLAUMEGONTARD
Belaidi,Aurore,Sautarel,Stéphane,STEPHANESAUTAREL
Bel ange,Titouan,Darcos,Laure,LAUREDARCOS
Belanger,Xavier,Jourda,Muriel,MURIELJOURDA
Bellan,Marie,Pillefer,Bernard,BERNARDPILLEFER
Belloir,Nicolas,De legge,Dominique,DOMINIQUEDELEGGE
Benard,Alice,Louault,Vincent,VINCENTLOUAULT
Benhaim,Paola,Fernique,Jacques,JACQUESFERNIQUE
Benhammou,Sarah,Ros,David,DAVIDROS
Benoit,Camille,Bouad,Denis,DENISBOUAD
Benoit,Catherine,Tissot,Jean-Claude,JEANCLAUDETISSOT
Bensaid,Salim,Gosselin,Béatrice,BEATRICEGOSSELIN
Bensaid,Salim,Petrus,Annick,ANNICKPETRUS
Benzakine,Nina,Berthet,Martine,MARTINEBERTHET
Berenger,Sonia,Favreau,Gilbert,GILBERTFAVREAU
Bernard,Maxance,Menonville,Franck,FRANCKMENONVILLE
Berot,Laura,Joly,Patrice,PATRICEJOLY
Berti,Marie-Paule,Panunzi,Jean-Jacques,JEANJACQUESPANUNZI
Bertrand,Sandrine,Chaize,Patrick,PATRICKCHAIZE
Besnard,Samuel,Blanc,Grégory,GREGORYBLANC
Besnier,Rémy,Chasseing,Daniel,DANIELCHASSEING
Besset,Frédéric,Ouizille,Alexandre,ALEXANDREOUIZILLE
Besson,Auriane,Salmon,Daniel,DANIELSALMON
Beulne,Séverine,Hingray,Jean,JEANHINGRAY
Bidon,Laure,De marco,Monique,MONIQUEDEMARCO
Bihet,Karine,Darras,Jérôme,JEROMEDARRAS
Biliec,Catherine,Canévet,Michel,MICHELCANEVET
Billon,Claudie,Havet,Nadège,NADEGEHAVET
Billy,Lucien,Rietmann,Olivier,OLIVIERRIETMANN
Bissery,Jocelyn,Patient,Georges,GEORGESPATIENT
Bissiere,Michel,Milon,Alain,ALAINMILON
Blain,Christa,Billon,Annick,ANNICKBILLON
Blanchot,Juliette,Canalès,Marion,MARIONCANALES
Blandin,Christelle,Chauvet,Patrick,PATRICKCHAUVET
Blick,Alexia,Szpiner,Francis,FRANCISSZPINER
Blin,Christine,Capus,Emmanuel,EMMANUELCAPUS
Blouin,Coline,Capus,Emmanuel,EMMANUELCAPUS
Blouin,Coline,Bourcier,Corinne,CORINNEBOURCIER
Bocquet,Thomas,Senée,Ghislaine,GHISLAINESENEE
Boichot,Caroline,Cambon,Christian,CHRISTIANCAMBON
Boillot,Julie,Bonnus,Michel,MICHELBONNUS
Boillot,Julie,Bacci,Jean,JEANBACCI
Bondal,Sabrina,Mouiller,Philippe,PHILIPPEMOUILLER
Bonnard,Joséphine,Guhl,Antoinette,ANTOINETTEGUHL
Bonnefous,Eric,Chevrollier,Guillaume,GUILLAUMECHEVROLLIER
Bonnefous,Eric,Savin,Michel,MICHELSAVIN
Bonze,Hélène,Demilly,Stéphane,STEPHANEDEMILLY
Bordelet,Jean-Philippe,Goulet,Nathalie,NATHALIEGOULET
Borie,Agnès,Bazin,Arnaud,ARNAUDBAZIN
Bouchardon,William,Gontard,Guillaume,GUILLAUMEGONTARD
Boucher,Eric,Gréaume,Michelle,MICHELLEGREAUME
Boucher,Thibault,Bélim,Audrey,AUDREYBELIM
Bouchet-clement,Véronique,Patru,Anne-Sophie,ANNESOPHIEPATRU
Bouchoule,Carla,Tabarot,Philippe,PHILIPPETABAROT
Boufflers,Pierre,Apourceau-poly,Cathy,CATHYAPOURCEAUPOLY
Boulay,Eric,Louault,Vincent,VINCENTLOUAULT
Boulay,Marion,Narassiguin,Corinne,CORINNENARASSIGUIN
Boulogne,Mylène,Loisier,Anne-Catherine,ANNECATHERINELOISIER
Bouloumou,Marie-Christine,Laurent,Daniel,DANIELLAURENT
Bounie,Julien,Nougein,Claude,CLAUDENOUGEIN
Bouriez,Bérengère,Lermytte,Marie-Claude,MARIECLAUDELERMYTTE
Bourigault,Alexandre,Gillé,Hervé,HERVEGILLE
Bousser,Chloé,De la provôté,Sonia,SONIADELAPROVOTE
Bouttet,Ludovic,Rochette,Pierre-Jean,PIERREJEANROCHETTE
Bouvier,Anthony,Goy-chavent,Sylvie,SYLVIEGOYCHAVENT
Boyer,Jean-Marc,Cigolotti,Olivier,OLIVIERCIGOLOTTI
Bracq,Thomas,Ouzoulias,Pierre,PIERREOUZOULIAS
Brait,Bénédicte,Varaillas,Marie-Claude,MARIECLAUDEVARAILLAS
Braud,Charlotte,Perrin,Cédric,CEDRICPERRIN
Braud,Charlotte,Rietmann,Olivier,OLIVIERRIETMANN
Braut,Constance,Borchio fontimp,Alexandra,ALEXANDRABORCHIOFONTIMP
Bresson,Hélène,Hervé,Loïc,LOICHERVE
Breuil,Florence,Antoine,Jocelyne,JOCELYNEANTOINE
Breuillot,Laurence,Longeot,Jean-François,JEANFRANCOISLONGEOT
Brianceau-roch,Aurélien,Canalès,Marion,MARIONCANALES
Briant,Astrid,Lévrier,Martin,MARTINLEVRIER
Brilloit,Ninon,Gay,Fabien,FABIENGAY
Brochand,Nathalie,Goy-chavent,Sylvie,SYLVIEGOYCHAVENT
Brookes,Kevin,Aeschlimann,Marie-Do,MARIEDOAESCHLIMANN
Brugiere,Eric,Boyer,Jean-Marc,JEANMARCBOYER
Brutinaud-pellereau,Romain,Patru,Anne-Sophie,ANNESOPHIEPATRU
Buch,Mariam,Billon,Annick,ANNICKBILLON
Buch,Mariam,Pillefer,Bernard,BERNARDPILLEFER
Cadet,Betty,Daubresse,Marc-Philippe,MARCPHILIPPEDAUBRESSE
Caille,Adrien,Grosvalet,Philippe,PHILIPPEGROSVALET
Caille,Fanny,Rietmann,Olivier,OLIVIERRIETMANN
Calka,Avril,Senée,Ghislaine,GHISLAINESENEE
Calmels,Jérôme,Fichet,Jean-Luc,JEANLUCFICHET
Cami,Sarah,Paoli-gagin,Vanina,VANINAPAOLIGAGIN
Capo ortega,Julie,Folliot,Philippe,PHILIPPEFOLLIOT
Carcy-mathieu,Céline,Raynal,Claude,CLAUDERAYNAL
Cardot,Emilie,Joyandet,Alain,ALAINJOYANDET
Caristan,Guillaume,Genet,Fabien,FABIENGENET
Caristan,Guillaume,Rojouan,Bruno,BRUNOROJOUAN
Carlotti,Marie-Claire,Boyer,Valérie,VALERIEBOYER
Caro,Aurore,Martin,Pauline,PAULINEMARTIN
Carpin,Samuel,Briquet,Isabelle,ISABELLEBRIQUET
Carpin,Samuel,Raynal,Claude,CLAUDERAYNAL
Carre,Laure-Emmanuelle,Redon-sarrazy,Christian,CHRISTIANREDONSARRAZY
Carre,Laure-Emmanuelle,Artigalas,Viviane,VIVIANEARTIGALAS
Carton,Michel,Szczurek,Christopher,CHRISTOPHERSZCZUREK
Caruana,Grégory,Paumier,Jean-Gérard,JEANGERARDPAUMIER
Cauvin,Valérie,Le gleut,Ronan,RONANLEGLEUT
Cazaubon,Gabriel,Lozach,Jean-Jacques,JEANJACQUESLOZACH
Celerier,Clémence,Varaillas,Marie-Claude,MARIECLAUDEVARAILLAS
Ceugniez,Marlène,Chatillon,Alain,ALAINCHATILLON
Ceyrac,Rémi,Chasseing,Daniel,DANIELCHASSEING
Champenois,Laetitia,Cozic,Thierry,THIERRYCOZIC
Chanteclerc,Benjamin,Husson,Jean-François,JEANFRANCOISHUSSON
Chan tsun ching,Bradley,Fouassin,Stéphane,STEPHANEFOUASSIN
Charbonnel,Damien,Brault,Jean-Luc,JEANLUCBRAULT
Charbonnier,Sylvain,Cardon,Rémi,REMICARDON
Charles-lavauzelle,Inès,Lavarde,Christine,CHRISTINELAVARDE
Charles-lavauzelle,Inès,Rapin,Jean-François,JEANFRANCOISRAPIN
Charlon,Fabien,Havet,Nadège,NADEGEHAVET
Chateau,Amélie,Malhuret,Claude,CLAUDEMALHURET
Chauvin,Sarah,Boyer,Jean-Marc,JEANMARCBOYER
Chavane,Aude,Bellamy,Marie-Jeanne,MARIEJEANNEBELLAMY
Chenouf,Ibrahim,Blanc,Grégory,GREGORYBLANC
Cherbonnel,Agnès,Jacques,Micheline,MICHELINEJACQUES
Chevalerias,Thomas,Bonneau,François,FRANCOISBONNEAU
Chevallier,Aurélien,Pla,Sébastien,SEBASTIENPLA
Chevallier,Aurore,Lemoyne,Jean-Baptiste,JEANBAPTISTELEMOYNE
Chevillard,Christine,Cukierman,Cécile,CECILECUKIERMAN
Cheze,Diane,Bouchet,Gilbert,GILBERTBOUCHET
Christon,Isabelle,Théophile,Dominique,DOMINIQUETHEOPHILE
Christon,Isabelle,Nadille,Solanges,SOLANGESNADILLE
Ciccotti,Steve,Karoutchi,Roger,ROGERKAROUTCHI
Claoue,Mathieu,Bonnefoy,Nicole,NICOLEBONNEFOY
Claoue,Mathieu,Masset,Michel,MICHELMASSET
Clotilde,Marie Mathilde,Théophile,Dominique,DOMINIQUETHEOPHILE
Cochet,Brigitte,Roux,Jean-Yves,JEANYVESROUX
Cohen,Claude-Léa,Conway-mouret,Hélène,HELENECONWAYMOURET
Coisgaud,Jessica,Bourcier,Corinne,CORINNEBOURCIER
Coisgaud,Jessica,Capus,Emmanuel,EMMANUELCAPUS
Colisson,Laurence,Gacquerre,Amel,AMELGACQUERRE
Collas,Emilie,Marie,Didier,DIDIERMARIE
Collet-robic,Cécile,Varaillas,Marie-Claude,MARIECLAUDEVARAILLAS
Collin,Nadine,Maurey,Hervé,HERVEMAUREY
Combes-boulard,Florence,Cabanel,Henri,HENRICABANEL
Comtet,Flavie,Chaize,Patrick,PATRICKCHAIZE
Constance,Catherine,Vidal,Paul,PAULVIDAL
Corme,Véronique,Laménie,Marc,MARCLAMENIE
Cornetto,Jean-Christophe,Housseau,Marie-Lise,MARIELISEHOUSSEAU
Costantini,Arnaud,Panunzi,Jean-Jacques,JEANJACQUESPANUNZI
Cotillot,Annouck,Patriat,François,FRANCOISPATRIAT
Couderc moneron,Annie,Bilhac,Christian,CHRISTIANBILHAC
Coue,Emilie,Bleunven,Yves,YVESBLEUNVEN
Coulanjon,Sandrine,Gold,Éric,ERICGOLD
Coutable,Charlotte,Chevrollier,Guillaume,GUILLAUMECHEVROLLIER
Coutard,Paul,Weber,Michaël,MICHAELWEBER
Couturier,Ronan,Bellamy,Marie-Jeanne,MARIEJEANNEBELLAMY
Cresp,Delphine,Blanc,Jean-Baptiste,JEANBAPTISTEBLANC
Crespeau,Karine,Bourcier,Corinne,CORINNEBOURCIER
Crevoisier,Michel,Grosperrin,Jacques,JACQUESGROSPERRIN
Croyet,Maryline,Stanzione,Lucien,LUCIENSTANZIONE
Cubaynes,Michèle,Bonhomme,François,FRANCOISBONHOMME
Cuny,Catherine,Schalck,Elsa,ELSASCHALCK
Curier,Fred,Lurel,Victorin,VICTORINLUREL
Dahel,Ehli-Alexandre,Vanlerenberghe,Jean-Marie,JEANMARIEVANLERENBERGHE
D'alexis,Leïli,Nadille,Solanges,SOLANGESNADILLE
Daniel,Sandrine,Hugonet,Jean-Raymond,JEANRAYMONDHUGONET
Darinot,Alexandra,Gerbaud,Frédérique,FREDERIQUEGERBAUD
D'asta,Nicolas,Iacovelli,Xavier,XAVIERIACOVELLI
Daumas,Marie-Christine,Chatillon,Alain,ALAINCHATILLON
David,Stéphane,Tabarot,Philippe,PHILIPPETABAROT
David,Thierry,Darcos,Laure,LAUREDARCOS
Davrain,Nessa,Buval,Frédéric,FREDERICBUVAL
Dayras,Alexandra,Piednoir,Stéphane,STEPHANEPIEDNOIR
Deau,Myriam,Mandelli,Didier,DIDIERMANDELLI
Debains,Marie-Noëlle,Jourda,Muriel,MURIELJOURDA
Debray,Isabelle,De cidrac,Marta,MARTADECIDRAC
Debre chaffaud,Claire,Louault,Vincent,VINCENTLOUAULT
De butler,Sarah,De marco,Monique,MONIQUEDEMARCO
Defaux,Stéphanie,Barros,Pierre,PIERREBARROS
Defoix,Aurore,Verzelen,Pierre-Jean,PIERREJEANVERZELEN
Dehez,Marielle,Lubin,Monique,MONIQUELUBIN
Delacoux des roseaux,Marin,Rochette,Pierre-Jean,PIERREJEANROCHETTE
Delacoux des roseaux,Marin,Bourcier,Corinne,CORINNEBOURCIER
Delage,Patricia,Chasseing,Daniel,DANIELCHASSEING
Delaitre,Jade,Romagny,Anne-Sophie,ANNESOPHIEROMAGNY
Delamare,Thibault,Conway-mouret,Hélène,HELENECONWAYMOURET
Del poso,Carole,Sol,Jean,JEANSOL
De maistre,Elisabeth,Lavarde,Christine,CHRISTINELAVARDE
De montgolfier,Edouard,Hybert,Brigitte,BRIGITTEHYBERT
Denieault,Thomas *,De montgolfier,Albéric,ALBERICDEMONTGOLFIER
Denis,Doriane,Jeansannetas,Éric,ERICJEANSANNETAS
Denis,Doriane,Blatrix contat,Florence,FLORENCEBLATRIXCONTAT
De raguenel,Inès,Olivier,Jean-Baptiste,JEANBAPTISTEOLIVIER
Dereep,Luca,Brossat,Ian,IANBROSSAT
Derothe,Benjamin,Narassiguin,Corinne,CORINNENARASSIGUIN
Deschamps,Anne-Sophie,Morin-desailly,Catherine,CATHERINEMORINDESAILLY
Deshaies,Laurent,Benarroche,Guy,GUYBENARROCHE
Desmarest,Frédérique,Courtial,Édouard,EDOUARDCOURTIAL
Dessaigne,Aurore,Ollivier,Mathilde,MATHILDEOLLIVIER
De villepin,Graziella,Szpiner,Francis,FRANCISSZPINER
Devilliers,Hélène,Chevalier,Cédric,CEDRICCHEVALIER
Devoise,Céline,Houpert,Alain,ALAINHOUPERT
D'herouville-le tanneur,Marie,Cambier,Guislain,GUISLAINCAMBIER
D'herve,Titouan,Le rudulier,Stéphane,STEPHANELERUDULIER
Diessler,Beriwan,Sautarel,Stéphane,STEPHANESAUTAREL
Dietsche,Yoan,Arnaud,Jean-Michel,JEANMICHELARNAUD
Di folco,Camille,Bacchi,Jérémy,JEREMYBACCHI
Dijoux,Gabriel,Corbiere naminzo,Evelyne,EVELYNECORBIERENAMINZO
Dion,Véronique,Mizzon,Jean-Marie,JEANMARIEMIZZON
Diot,Arthur,Margaté,Marianne,MARIANNEMARGATE
Diot,Anne-Camille,Bellurot,Nadine,NADINEBELLUROT
Ditte,Vincent,Linkenheld,Audrey,AUDREYLINKENHELD
Divo,Léa,Morin-desailly,Catherine,CATHERINEMORINDESAILLY
Djebara,Smaïl,Eblé,Vincent,VINCENTEBLE
Djengue-ekoh,Dimitri,Paoli-gagin,Vanina,VANINAPAOLIGAGIN
Donay,Raphaël,Chantrel,Yan,YANCHANTREL
Dorso,André,Omar oili,Saïd,SAIDOMAROILI
Dostes,Romain,De marco,Monique,MONIQUEDEMARCO
Doublet,Charles-Edouard,Rojouan,Bruno,BRUNOROJOUAN
Douin,Armand,Hugonet,Jean-Raymond,JEANRAYMONDHUGONET
Doussot,Dimitri,Joyandet,Alain,ALAINJOYANDET
Dressayre,Christelle,Marc,Alain,ALAINMARC
Dubreuil,Yann,Montaugé,Franck,FRANCKMONTAUGE
Ducelier,Anne-Valérie,Jomier,Bernard,BERNARDJOMIER
Dudragne,Michaël,Durain,Jérôme,JEROMEDURAIN
Dufeigneux,Céline,Pernot,Clément,CLEMENTPERNOT
Dufeigneux,Céline,Somon,Laurent,LAURENTSOMON
Dufosse,Elisa,Pluchet,Kristina,KRISTINAPLUCHET
Dujardin,Catherine,Verzelen,Pierre-Jean,PIERREJEANVERZELEN
Dumaine,Sylvie,Lermytte,Marie-Claude,MARIECLAUDELERMYTTE
Dumas,Nathalie,Blanc,Étienne,ETIENNEBLANC
Dumestre,Isabelle,Tissot,Jean-Claude,JEANCLAUDETISSOT
Dumont,Axel,Jadot,Yannick,YANNICKJADOT
Dupont,Bénédicte,Gréaume,Michelle,MICHELLEGREAUME
Dupont,Bénédicte,Basquin,Alexandre,ALEXANDREBASQUIN
Dupont,Tatiana,Cozic,Thierry,THIERRYCOZIC
Dupre,Gaëlle,Perrot,Évelyne,EVELYNEPERROT
Dupuy,Joëlle,Redon-sarrazy,Christian,CHRISTIANREDONSARRAZY
Duquesne,Fabien,Gontard,Guillaume,GUILLAUMEGONTARD
Duraisin,Fabienne,Gréaume,Michelle,MICHELLEGREAUME
Durand,Arthur,Chauvet,Patrick,PATRICKCHAUVET
Durand,Eléonore,Evren,Agnès,AGNESEVREN
Durassier,Sylvie,Perrion,Maurice,MAURICEPERRION
Duribreu,Jules,Vérien,Dominique,DOMINIQUEVERIEN
Dussot,Sylvie,Jeansannetas,Éric,ERICJEANSANNETAS
Ehl,Robin,Vogel,Mélanie,MELANIEVOGEL
Ehrhard,Thomas,Anglars,Jean-Claude,JEANCLAUDEANGLARS
Eisinger,Sophie,Benarroche,Guy,GUYBENARROCHE
El alami,Samira,Cabanel,Henri,HENRICABANEL
El idrissi,Fayçal,Daubresse,Marc-Philippe,MARCPHILIPPEDAUBRESSE
Ellul,Pascal,Levi,Pierre-Antoine,PIERREANTOINELEVI
El manoguy,Yohan,Kanner,Patrick,PATRICKKANNER
Esnouf,Franck,Bas,Philippe,PHILIPPEBAS
Espinasse,Laurent,Grand,Jean-Pierre,JEANPIERREGRAND
Essola,Audrey,Uzenat,Simon,SIMONUZENAT
Establie,Françoise,Micouleau,Brigitte,BRIGITTEMICOULEAU
Evain,Laurence,Husson,Jean-François,JEANFRANCOISHUSSON
Evrard,Esteban,Apourceau-poly,Cathy,CATHYAPOURCEAUPOLY
Fabre,Frédérique,Cazabonne,Alain,ALAINCAZABONNE
Fages,Loïc,Cardon,Rémi,REMICARDON
Faisandier,Luc,Harribey,Laurence,LAURENCEHARRIBEY
Faivre,Capucine,Fargeot,Daniel,DANIELFARGEOT
Falgas,Anthony,Levi,Pierre-Antoine,PIERREANTOINELEVI
Fargues,Céline,Vayssouze-faure,Jean-Marc,JEANMARCVAYSSOUZEFAURE
Farinotti,Nastasia,Berthet,Martine,MARTINEBERTHET
Faure,Amandine,Rochette,Pierre-Jean,PIERREJEANROCHETTE
Faure,Sarah,Pla,Sébastien,SEBASTIENPLA
Faye,Florence,Bilhac,Christian,CHRISTIANBILHAC
Faynel,Shérazade,Poncet monge,Raymonde,RAYMONDEPONCETMONGE
De felice,Marie-Laure,Goulet,Nathalie,NATHALIEGOULET
Feron,Jules,Drexler,Sabine,SABINEDREXLER
Feron,Jules,Klinger,Christian,CHRISTIANKLINGER
Fevrier,Inès,Harribey,Laurence,LAURENCEHARRIBEY
Fiacre,Capucine,Iacovelli,Xavier,XAVIERIACOVELLI
Filippi-paoli,Sophie,Basquin,Alexandre,ALEXANDREBASQUIN
Fily,Ombeline,Cigolotti,Olivier,OLIVIERCIGOLOTTI
Fily,Ombeline,Médevielle,Pierre,PIERREMEDEVIELLE
Fiorello,Valentine,Reynaud,Hervé,HERVEREYNAUD
Fisseau,Alexandra,De nicolay,Louis-Jean,LOUISJEANDENICOLAY
Fleret,Aurianne,Canévet,Michel,MICHELCANEVET
Fline,Thibault,Chain-larché,Anne,ANNECHAINLARCHE
Flory,Delphine,Darnaud,Mathieu,MATHIEUDARNAUD
Flouriot,Romane,Le houerou,Annie,ANNIELEHOUEROU
Fond,Louis,Tissot,Jean-Claude,JEANCLAUDETISSOT
Font-guillermet,Valérie,Sol,Jean,JEANSOL
Fortane,Rémi,Cozic,Thierry,THIERRYCOZIC
Foucault,Ghislaine,Eblé,Vincent,VINCENTEBLE
Fougeray,Marie-Aude,Gerbaud,Frédérique,FREDERIQUEGERBAUD
Fourgous,Pierre-Henri,Bonhomme,François,FRANCOISBONHOMME
Fourny,Florentin,Belrhiti,Catherine,CATHERINEBELRHITI
Fourtic-dutarde,Yseline,Rossignol,Laurence,LAURENCEROSSIGNOL
Francesconi,Marie,Bonnefoy,Nicole,NICOLEBONNEFOY
Francois,Claire,Morin-desailly,Catherine,CATHERINEMORINDESAILLY
Frau,Roxellane,Perrin,Cédric,CEDRICPERRIN
Friart,Jérôme,Perrion,Maurice,MAURICEPERRION
Friedrich,Karine,Herzog,Christine,CHRISTINEHERZOG
Frison-bruno,Nikita,Capo-canellas,Vincent,VINCENTCAPOCANELLAS
Froment,Frédéric,Puissat,Frédérique,FREDERIQUEPUISSAT
Fund,Mélanie,Schalck,Elsa,ELSASCHALCK
Furini,Rachel,Masset,Michel,MICHELMASSET
Gabillard,Marie-Lou,Piednoir,Stéphane,STEPHANEPIEDNOIR
Gadenne,Arthur,Richard,Olivia,OLIVIARICHARD
Gadler,Lucille,De la gontrie,Marie-Pierre,MARIEPIERREDELAGONTRIE
Gage,Hubert,Valente le hir,Sylvie,SYLVIEVALENTELEHIR
Gaillard,Caroline,Bellamy,Marie-Jeanne,MARIEJEANNEBELLAMY
Gaillard,Caroline,Mandelli,Didier,DIDIERMANDELLI
Gaillat,Eva,Kerrouche,Éric,ERICKERROUCHE
Gajda,Valérie,Hochart,Joshua,JOSHUAHOCHART
Gantelet,Constantin,Szczurek,Christopher,CHRISTOPHERSZCZUREK
Garcia,Julien,Guidez,Jocelyne,JOCELYNEGUIDEZ
Garcia refuveille,Lino,Folliot,Philippe,PHILIPPEFOLLIOT
Gardien,Isabelle,Rojouan,Bruno,BRUNOROJOUAN
Gasnier,Fabienne,Cazabonne,Alain,ALAINCAZABONNE
Gaston,Aurélia,Deseyne,Chantal,CHANTALDESEYNE
Gaston,Aurélia,Lassarade,Florence,FLORENCELASSARADE
Gatt,Sylvain,Guerriau,Joël,JOELGUERRIAU
Gaucher,Jean-Luc,Darnaud,Mathieu,MATHIEUDARNAUD
Gaucher,Jean-Luc,Ventalon,Anne,ANNEVENTALON
Gaudillat,Yanis,Szczurek,Christopher,CHRISTOPHERSZCZUREK
Gaudillat,Yanis,Hochart,Joshua,JOSHUAHOCHART
Gaudrier,Marine,Bouchet,Gilbert,GILBERTBOUCHET
Gault,Benjamin,Ouizille,Alexandre,ALEXANDREOUIZILLE
Gauter,Tugdual,Uzenat,Simon,SIMONUZENAT
Gautereaud,Gabin,Dhersin,Franck,FRANCKDHERSIN
Gayaud frenoy,Anne-Laure,Grosvalet,Philippe,PHILIPPEGROSVALET
Gayrard,Théophile,Saury,Hugues,HUGUESSAURY
Geay,Christelle,Mouiller,Philippe,PHILIPPEMOUILLER
Geay,Christelle,Favreau,Gilbert,GILBERTFAVREAU
Geoffroy,Gauthier,Burgoa,Laurent,LAURENTBURGOA
Gheysens,François,Cadic,Olivier,OLIVIERCADIC
Gibert,Benjamin,Marie,Didier,DIDIERMARIE
Gibert,Benjamin,Tissot,Jean-Claude,JEANCLAUDETISSOT
Gimbert,Sabine,Féret,Corinne,CORINNEFERET
Gingali,Tonia-Lisa,Berthet,Martine,MARTINEBERTHET
Girod,Brice,Aeschlimann,Marie-Do,MARIEDOAESCHLIMANN
Girondeau,Victoria,Lahellec,Gérard,GERARDLAHELLEC
Giron-preault,Lilian,Robert,Sylvie,SYLVIEROBERT
Girszonas saconnet,Alexis,Brossel,Colombe,COLOMBEBROSSEL
Giusto,Véronique,Leroy,Henri,HENRILEROY
Gloaguen,Cécile,Dumont,Françoise,FRANCOISEDUMONT
Glover,Véronique,Lafon,Laurent,LAURENTLAFON
Gnocchi-esperinas,Alain,Bourgi,Hussein,HUSSEINBOURGI
Godard,Thomas,Chantrel,Yan,YANCHANTREL
Godon,Louis,Paccaud,Olivier,OLIVIERPACCAUD
Gomez,Guylaine,Harribey,Laurence,LAURENCEHARRIBEY
Gondran,Martine,Boyer,Valérie,VALERIEBOYER
De gonzague,Annick,Buval,Frédéric,FREDERICBUVAL
Gordons smail,Adjia,Wattebled,Dany,DANYWATTEBLED
Gosselin,Hélène,Rapin,Jean-François,JEANFRANCOISRAPIN
Gourdy,Elsa,Lafon,Laurent,LAURENTLAFON
De gouvion saint cyr,Thu Van,Panunzi,Jean-Jacques,JEANJACQUESPANUNZI
De gouvion saint cyr,Thu Van,Cadec,Alain,ALAINCADEC
Grand,Emilie,Bouad,Denis,DENISBOUAD
Greiner,Antoine,Bourgi,Hussein,HUSSEINBOURGI
Grelet joly,Caroline,Milon,Alain,ALAINMILON
Grenard,Loïc,Borchio fontimp,Alexandra,ALEXANDRABORCHIOFONTIMP
Gressant,Pierre,Dantec,Ronan,RONANDANTEC
Grosperrin,Albert,Grosperrin,Jacques,JACQUESGROSPERRIN
Grudler,Brigitte,Vogel,Jean Pierre,JEANPIERREVOGEL
Guegan,Edwige,Loisier,Anne-Catherine,ANNECATHERINELOISIER
Guerin,Laetitia,Ciuntu,Marie-Carole,MARIECAROLECIUNTU
Guerin,Laetitia,Cambon,Christian,CHRISTIANCAMBON
Guichard,Agathe,Houpert,Alain,ALAINHOUPERT
Guillaume,Marc,Cadec,Alain,ALAINCADEC
Guillot,Philippe,Bellurot,Nadine,NADINEBELLUROT
Guyon,Cédric,Genet,Fabien,FABIENGENET
Hadouiri,Manale,Stanzione,Lucien,LUCIENSTANZIONE
Halbecq,Apolline,Saury,Hugues,HUGUESSAURY
Halberstadt,Thomas,Nadille,Solanges,SOLANGESNADILLE
Hammouche,Tania,Delahaye,Vincent,VINCENTDELAHAYE
Hamu,Henriette,Naturel,Georges,GEORGESNATUREL
Haro,Vanessa,Folliot,Philippe,PHILIPPEFOLLIOT
Hartmann,Maeva,Daubet,Raphaël,RAPHAELDAUBET
Hebel,Amély,Kanner,Patrick,PATRICKKANNER
Hechler,Ruben,Guillotin,Véronique,VERONIQUEGUILLOTIN
Helou-leizaola,Jean,Brisson,Max,MAXBRISSON
Hemery,Charlotte,Richard,Olivia,OLIVIARICHARD
Henneresse,Baptiste,Bitz,Olivier,OLIVIERBITZ
Henry,Mathieu,Marc,Alain,ALAINMARC
Herisson,Valérie,Pellevat,Cyril,CYRILPELLEVAT
Herlaud,Vaïmiti,Rohfritsch,Teva,TEVAROHFRITSCH
Hermann,Sarah,Renaud-garabedian,Évelyne,EVELYNERENAUDGARABEDIAN
Hermann,Sarah,Ruelle,Jean-Luc,JEANLUCRUELLE
Hervouet,Alexandra,Bonneau,François,FRANCOISBONNEAU
Hingray,Mathilde,Hingray,Jean,JEANHINGRAY
Hippon,Pédro,Théophile,Dominique,DOMINIQUETHEOPHILE
Hirti,Samia,Linkenheld,Audrey,AUDREYLINKENHELD
Hnepeune,Samuel,Xowie,Robert Wienie,ROBERTWIENIEXOWIE
Hocque,Matthieu,Evren,Agnès,AGNESEVREN
Horny-gonier,Marianne,Kern,Claude,CLAUDEKERN
Houbron,Philippe,Gueret,Daniel,DANIELGUERET
Houbron,Philippe,Bonfanti-dossat,Christine,CHRISTINEBONFANTIDOSSAT
Houssaye,Sophie,Morin-desailly,Catherine,CATHERINEMORINDESAILLY
Houssin,Matthieu,Pla,Sébastien,SEBASTIENPLA
Huberty,Martine,Courtial,Édouard,EDOUARDCOURTIAL
Huguenin-robinot,Gaëlle,Gremillet,Daniel,DANIELGREMILLET
Hugues,Emma,Daubet,Raphaël,RAPHAELDAUBET
Huguet,Marion,Féret,Corinne,CORINNEFERET
Hurter,Thérèse,Gremillet,Daniel,DANIELGREMILLET
Ibarra,Corinne,Delcros,Bernard,BERNARDDELCROS
Ilic,Biliana,Lemoyne,Jean-Baptiste,JEANBAPTISTELEMOYNE
Ipparrigary,Paco,Lurel,Victorin,VICTORINLUREL
Jacopin,Stéphane,Khalifé,Khalifé,KHALIFEKHALIFE
Jacques,Pauline,Lahellec,Gérard,GERARDLAHELLEC
Jacqueson,Sabine,Longeot,Jean-François,JEANFRANCOISLONGEOT
Jacquier,Jennifer,Pellevat,Cyril,CYRILPELLEVAT
Jaillais,Aymeric,Brisson,Max,MAXBRISSON
Jaillais,Aymeric,Paumier,Jean-Gérard,JEANGERARDPAUMIER
Jakubowicz,Julia,Renaud-garabedian,Évelyne,EVELYNERENAUDGARABEDIAN
Jalton,Murielle,Jacques,Micheline,MICHELINEJACQUES
Jaouen,Dominique,Billon,Annick,ANNICKBILLON
Jarasse,Manon-Gabrielle,Ruelle,Jean-Luc,JEANLUCRUELLE
Jean-louis,Charles,Blanc,Étienne,ETIENNEBLANC
Jeanne,Loïc,Ros,David,DAVIDROS
Jerome,Julie,Doineau,Élisabeth,ELISABETHDOINEAU
Jolivet-mielczarek,Nathalie,Le gleut,Ronan,RONANLEGLEUT
Jolivet-mielczarek,Nathalie,Frassa,Christophe-André,CHRISTOPHEANDREFRASSA
Jolly,Stéphane,Chevrollier,Guillaume,GUILLAUMECHEVROLLIER
Jolly,Sandrine,Vial,Cédric,CEDRICVIAL
Joly,Virginie,Chaize,Patrick,PATRICKCHAIZE
De jorna deloche,Marie-Joseph,Richer,Marie-Pierre,MARIEPIERRERICHER
Joubert,Théophile,De la gontrie,Marie-Pierre,MARIEPIERREDELAGONTRIE
Jouffrey-mathieu,Anne-Gabrielle,Noël,Sylviane,SYLVIANENOEL
Journet,Valérie,Basquin,Alexandre,ALEXANDREBASQUIN
Jouve,Maxence,Boyer,Valérie,VALERIEBOYER
Jouvenel,Anthony,Vanlerenberghe,Jean-Marie,JEANMARIEVANLERENBERGHE
Jozefowicz,Henri,Joseph,Else,ELSEJOSEPH
Jubault,Sara,Rossignol,Laurence,LAURENCEROSSIGNOL
Juillet,Philomène,Féraud,Rémi,REMIFERAUD
Junod,Jean,Cuypers,Pierre,PIERRECUYPERS
Jupiter,Sylvie,Buval,Frédéric,FREDERICBUVAL
Juste,Carol-Ann,Belrhiti,Catherine,CATHERINEBELRHITI
Kaddour,Fayçal,Mellouli,Akli,AKLIMELLOULI
Kapp,Valérie,Guiol,André,ANDREGUIOL
Kauffmann,Léa,Fernique,Jacques,JACQUESFERNIQUE
Kerboriou-guiraud,Marie-José,Folliot,Philippe,PHILIPPEFOLLIOT
Kerbouche,Mathieu,Guhl,Antoinette,ANTOINETTEGUHL
Khennouf,Sabah,Cukierman,Cécile,CECILECUKIERMAN
Kinossian,Grégoire,Maurey,Hervé,HERVEMAUREY
Kose,Anaïs,Xowie,Robert Wienie,ROBERTWIENIEXOWIE
Kossonogow,Maroussia,Pellevat,Cyril,CYRILPELLEVAT
Kouidri,Athenais,Monier,Marie-Pierre,MARIEPIERREMONIER
Kwiatkowski,Sandra,Daubet,Raphaël,RAPHAELDAUBET
Laban-bounayre,Jonathan,Doineau,Élisabeth,ELISABETHDOINEAU
Labastugue,Maude,Fernique,Jacques,JACQUESFERNIQUE
Laborie,Loïc,Rietmann,Olivier,OLIVIERRIETMANN
Lachenal,Jean-Baptiste,Souyris,Anne,ANNESOUYRIS
Lafont,Juliette,Darnaud,Mathieu,MATHIEUDARNAUD
Lafont,Juliette,Bas,Philippe,PHILIPPEBAS
Laforet,Mélanie,Kern,Claude,CLAUDEKERN
Lagarde,Marie,Ventalon,Anne,ANNEVENTALON
Lagler,Marie-Chantal,Nédélec,Anne-Marie,ANNEMARIENEDELEC
Lagrange,Dominique,Malhuret,Claude,CLAUDEMALHURET
Lajeunesse,Frédéric,Sollogoub,Nadia,NADIASOLLOGOUB
Lake-lopez,Sabine,Marseille,Hervé,HERVEMARSEILLE
Lakrafi,Salwa,Folliot,Philippe,PHILIPPEFOLLIOT
Lallali,Rayan,Lemoyne,Jean-Baptiste,JEANBAPTISTELEMOYNE
Lambert,Florian,Henno,Olivier,OLIVIERHENNO
Lamboul,Pierre,Martin,Pauline,PAULINEMARTIN
Lancon,Alexandre,Dumas,Catherine,CATHERINEDUMAS
Landry,Kévin,Gacquerre,Amel,AMELGACQUERRE
Lannuzel,Isabelle,Havet,Nadège,NADEGEHAVET
Lanzi,Sacha,Bacci,Jean,JEANBACCI
Lanzi,Sacha,Bonnus,Michel,MICHELBONNUS
Laouisset royer,Hélèna,Savoldelli,Pascal,PASCALSAVOLDELLI
De laplagnolle,Marina,Eustache-brinio,Jacqueline,JACQUELINEEUSTACHEBRINIO
Larigauderie,Fatima,Lozach,Jean-Jacques,JEANJACQUESLOZACH
Latru,Victor,Ziane,Adel,ADELZIANE
Lattard,Pierre,Chatillon,Alain,ALAINCHATILLON
Lattard,Pierre,Micouleau,Brigitte,BRIGITTEMICOULEAU
Laudenbach,Solveig,Omar oili,Saïd,SAIDOMAROILI
Laufilitoga,Mireille,Kulimoetoke,Mikaele,MIKAELEKULIMOETOKE
Laumonier,Anaïs,Sollogoub,Nadia,NADIASOLLOGOUB
Laurens,Laura,Puissat,Frédérique,FREDERIQUEPUISSAT
Laurent,Alexandre,Weber,Michaël,MICHAELWEBER
Laurent,Elyssa,Ramia,Salama,SALAMARAMIA
Laurenties,Céline,Médevielle,Pierre,PIERREMEDEVIELLE
Laval,Gaston,Jacquin,Olivier,OLIVIERJACQUIN
Laville,Paul,Masset,Michel,MICHELMASSET
Lay,Julien,Blatrix contat,Florence,FLORENCEBLATRIXCONTAT
Le bihan,Erwan,Conconne,Catherine,CATHERINECONCONNE
Leblanc,Sébastien,Daubresse,Marc-Philippe,MARCPHILIPPEDAUBRESSE
Lebreton,Amaury,Apourceau-poly,Cathy,CATHYAPOURCEAUPOLY
Leburgue-karababa,Anne,Schillinger,Patricia,PATRICIASCHILLINGER
Le chauff,de KERGUENEC Géraldine,Demas,Patricia,PATRICIADEMAS
Le chauff,de KERGUENEC Géraldine,Vogel,Jean Pierre,JEANPIERREVOGEL
Lechien-girouard,Franck,Gueret,Daniel,DANIELGUERET
Leclere,Catherine,Bacchi,Jérémy,JEREMYBACCHI
Lecomte,Christelle,Imbert,Corinne,CORINNEIMBERT
Ledieu,Patrick,Rochette,Pierre-Jean,PIERREJEANROCHETTE
Le dorze,Yannick,Laugier,Michel,MICHELLAUGIER
Lefeuvre,Nathalie,Hybert,Brigitte,BRIGITTEHYBERT
Lefevre,Marine,Gruny,Pascale,PASCALEGRUNY
Leflaec,Ghislaine,Muller-bronn,Laurence,LAURENCEMULLERBRONN
Le fouille,Lénaig,Dantec,Ronan,RONANDANTEC
Le francois,Magali,Jouve,Mireille,MIREILLEJOUVE
Legendre-boniface,Kevin,Vérien,Dominique,DOMINIQUEVERIEN
Leger,Rémy,Marie,Didier,DIDIERMARIE
Le goff,Jean-François,Canévet,Michel,MICHELCANEVET
Legrand,Nathalie,Valente le hir,Sylvie,SYLVIEVALENTELEHIR
Le hen,Dominique,Fichet,Jean-Luc,JEANLUCFICHET
Leituva,Likaleto,Kulimoetoke,Mikaele,MIKAELEKULIMOETOKE
Lekieffre,Christophe,Dumas,Catherine,CATHERINEDUMAS
Lemaire,Aymerik,Darras,Jérôme,JEROMEDARRAS
Le merrer,Colette,Le houerou,Annie,ANNIELEHOUEROU
Lemmers,Emile,Haye,Ludovic,LUDOVICHAYE
Lemoine,Olivier,Paul,Philippe,PHILIPPEPAUL
Le morvan,Olivia,Roux,Jean-Yves,JEANYVESROUX
Lempert,Jennifer,Lubin,Monique,MONIQUELUBIN
Lenguema,Laddi,Fialaire,Bernard,BERNARDFIALAIRE
Le petit,Emilie,Pointereau,Rémy,REMYPOINTEREAU
Le roux,Lucas,Jacquemet,Annick,ANNICKJACQUEMET
Lesieur,Antonin,Kanner,Patrick,PATRICKKANNER
Levy-valensi,Stéphane,Monier,Marie-Pierre,MARIEPIERREMONIER
Leygnat-pauty,Elodie,Menonville,Franck,FRANCKMENONVILLE
Lichten,Raphaël,Briante guillemont,Sophie,SOPHIEBRIANTEGUILLEMONT
Linise,Jocelyn,Buval,Frédéric,FREDERICBUVAL
Loiseau,Pierre-Yves,Savin,Michel,MICHELSAVIN
Longeot,Lisa-Marie,Jacquemet,Annick,ANNICKJACQUEMET
Lopez landier,Pierre,Devinaz,Gilbert-Luc,GILBERTLUCDEVINAZ
Losbar,Nathanaëlle,Nadille,Solanges,SOLANGESNADILLE
Lucas,Claire-Marie,Lévrier,Martin,MARTINLEVRIER
Madec,Adrien,Ouizille,Alexandre,ALEXANDREOUIZILLE
Madelon-marie,Eric,Vérien,Dominique,DOMINIQUEVERIEN
Magnani,Pierre-Louis,Durox,Aymeric,AYMERICDUROX
Magnard,Aodren,Joly,Patrice,PATRICEJOLY
Mahoudeau,Clarisse,Imbert,Corinne,CORINNEIMBERT
Mailly,Alexandra,Corbisez,Jean-Pierre,JEANPIERRECORBISEZ
Maingault,Sonia,Paumier,Jean-Gérard,JEANGERARDPAUMIER
De maismont,Isabelle,De nicolay,Louis-Jean,LOUISJEANDENICOLAY
Maisonneuve,Jérémy,Bas,Philippe,PHILIPPEBAS
Maitre,Fabien,Sido,Bruno,BRUNOSIDO
Malange,Gaëtan,Bonfanti-dossat,Christine,CHRISTINEBONFANTIDOSSAT
Mallem,Salima,Lassarade,Florence,FLORENCELASSARADE
Mallipoudy,Satya,Uzenat,Simon,SIMONUZENAT
Mancuso,Tess,Ouzoulias,Pierre,PIERREOUZOULIAS
Mancuso,Tess,Silvani,Silvana,SILVANASILVANI
Marasse,Jean-Charles,Perrot,Évelyne,EVELYNEPERROT
Marcaggi,Pascale,Dhersin,Franck,FRANCKDHERSIN
Marchand,Enrick,Hochart,Joshua,JOSHUAHOCHART
Marchand,Christine,Vogel,Jean Pierre,JEANPIERREVOGEL
Marchioni,Jean-Baptiste,Féraud,Rémi,REMIFERAUD
Marck,Kevin,Schillinger,Patricia,PATRICIASCHILLINGER
Mardesson,Denis,Richer,Marie-Pierre,MARIEPIERRERICHER
Mariage,Isabelle,Dhersin,Franck,FRANCKDHERSIN
Mariani,Catherine,Mizzon,Jean-Marie,JEANMARIEMIZZON
Marijon,Lou-Ana,Briante guillemont,Sophie,SOPHIEBRIANTEGUILLEMONT
Marion,Daët,Buis,Bernard,BERNARDBUIS
Martelli,Benjamin,Estrosi sassone,Dominique,DOMINIQUEESTROSISASSONE
Marti,Dominique,Jourda,Gisèle,GISELEJOURDA
Martin,Xavier,Harribey,Laurence,LAURENCEHARRIBEY
Martin,Xavier,Gillé,Hervé,HERVEGILLE
Martin,Auberie,Brulin,Céline,CELINEBRULIN
Martin,Catherine,Paccaud,Olivier,OLIVIERPACCAUD
Martin,Laure,Pointereau,Rémy,REMYPOINTEREAU
Martineau,Cristina,Devinaz,Gilbert-Luc,GILBERTLUCDEVINAZ
Martinez,Christine,Vanlerenberghe,Jean-Marie,JEANMARIEVANLERENBERGHE
Martin-houlgatte,Irène,Burgoa,Laurent,LAURENTBURGOA
Martinon pigeat,Valérie,Lozach,Jean-Jacques,JEANJACQUESLOZACH
Mary montout,Daïana,Lurel,Victorin,VICTORINLUREL
Massias,Stéphane,Briquet,Isabelle,ISABELLEBRIQUET
Massot,Paul-Eliott,Montaugé,Franck,FRANCKMONTAUGE
Mathioudakis,Alain,Florennes,Isabelle,ISABELLEFLORENNES
Matray,Laurence,Fialaire,Bernard,BERNARDFIALAIRE
De maupeou,Ségolène,Uzenat,Simon,SIMONUZENAT
Maupome,Pierre,Artigalas,Viviane,VIVIANEARTIGALAS
Maurin,Laurence,Gay,Fabien,FABIENGAY
Mautin,Louis-Marie,Ravier,Stéphane,STEPHANERAVIER
Maximin,Christine,Arnaud,Jean-Michel,JEANMICHELARNAUD
Mazet,Loris,Canévet,Michel,MICHELCANEVET
M'baye,Ismaël,Patient,Georges,GEORGESPATIENT
Mboungou niangui,Loick,Théophile,Dominique,DOMINIQUETHEOPHILE
De meaux,Augustin,Blanc,Jean-Baptiste,JEANBAPTISTEBLANC
Medini,Besma,Chantrel,Yan,YANCHANTREL
Mella,Florent,Vallet,Mickaël,MICKAELVALLET
Menard,Baptiste,Temal,Rachid,RACHIDTEMAL
Mentrel,Louise,Gremillet,Daniel,DANIELGREMILLET
Merian,Alban,Josende,Lauriane,LAURIANEJOSENDE
Messias rodrigues,Christine,Dumont,Françoise,FRANCOISEDUMONT
Metayer,Soazic,Bleunven,Yves,YVESBLEUNVEN
Meyer,Joffrey,Hingray,Jean,JEANHINGRAY
Meziere,Aurélie,Dantec,Ronan,RONANDANTEC
Michalak,Jean-Michel,Cambier,Guislain,GUISLAINCAMBIER
Michel,Raphaël,Bacchi,Jérémy,JEREMYBACCHI
Michel,Christelle,Duplomb,Laurent,LAURENTDUPLOMB
Michel-chabanne,Delphine,Jouve,Mireille,MIREILLEJOUVE
Mida delayen,Romain,Ouizille,Alexandre,ALEXANDREOUIZILLE
Migne,Justine,Roiron,Pierre-Alain,PIERREALAINROIRON
Milani,Audrey,Bonfanti-dossat,Christine,CHRISTINEBONFANTIDOSSAT
Minhava,Lucas,Michallet,Damien,DAMIENMICHALLET
Moilet,Camille,Demilly,Stéphane,STEPHANEDEMILLY
Moison,Clément,Delahaye,Vincent,VINCENTDELAHAYE
Moison,Clément,Guidez,Jocelyne,JOCELYNEGUIDEZ
Molay,Frédérique,Mercier,Marie,MARIEMERCIER
Monier,Jean-Michel,Bonnus,Michel,MICHELBONNUS
Monnier,Anaïs,Perrin,Cédric,CEDRICPERRIN
Monnier,Ariane,Ouzoulias,Pierre,PIERREOUZOULIAS
De monspey,Lucile,Pluchet,Kristina,KRISTINAPLUCHET
Montal,Théo,Vayssouze-faure,Jean-Marc,JEANMARCVAYSSOUZEFAURE
Moreau,Mario,Fouassin,Stéphane,STEPHANEFOUASSIN
Moreau,Audrey,Kerrouche,Éric,ERICKERROUCHE
Moreau,Nathalie,Mouiller,Philippe,PHILIPPEMOUILLER
Moreddu,Yannick,Bacci,Jean,JEANBACCI
Moreno,Isabelle,Patriat,François,FRANCOISPATRIAT
Moretto,Gaspard,Harribey,Laurence,LAURENCEHARRIBEY
Morganti-malet,Tino,Devésa,Brigitte,BRIGITTEDEVESA
Morizot,Antoine,Chaillou,Christophe,CHRISTOPHECHAILLOU
Mosconi,Laurence,Guiol,André,ANDREGUIOL
Motilva,Yolande,Micouleau,Brigitte,BRIGITTEMICOULEAU
Mouhoub,Sadia,Aeschlimann,Marie-Do,MARIEDOAESCHLIMANN
Moulin,Charles,Bruyen,Christian,CHRISTIANBRUYEN
Mourlon,Marie-France,Chevalier,Cédric,CEDRICCHEVALIER
Mourrut,Pascale,Lopez,Vivette,VIVETTELOPEZ
Moyrand,Alain,Tetuanui,Lana,LANATETUANUI
Munch,Paul-Bernard,Klinger,Christian,CHRISTIANKLINGER
Muneret,Virginie,Eustache-brinio,Jacqueline,JACQUELINEEUSTACHEBRINIO
Naigeon,Stéphanie,Mercier,Marie,MARIEMERCIER
Narbonnais,Valentin,Daniel,Karine,KARINEDANIEL
Naud,Estelle,Monier,Marie-Pierre,MARIEPIERREMONIER
Nee,Valentin,Bitz,Olivier,OLIVIERBITZ
Nequey,Sarah,Féret,Corinne,CORINNEFERET
Nevers,Juliette,Mérillou,Serge,SERGEMERILLOU
Nicaise,Marion,Demas,Patricia,PATRICIADEMAS
Nicolas,Peggy,Drexler,Sabine,SABINEDREXLER
Nicoud,Anthony,Cukierman,Cécile,CECILECUKIERMAN
Noailletas,Dominique,Chasseing,Daniel,DANIELCHASSEING
Nocquet,Olivier,Gosselin,Béatrice,BEATRICEGOSSELIN
Noel,Flavie,Fagnen,Sébastien,SEBASTIENFAGNEN
Nogueira,Isabelle,Wattebled,Dany,DANYWATTEBLED
Norguet,Élodie,Brault,Jean-Luc,JEANLUCBRAULT
Normand couder,Sophie,Grosvalet,Philippe,PHILIPPEGROSVALET
Normant,François,Cazebonne,Samantha,SAMANTHACAZEBONNE
Novakovic-beteille,Cyril,Robert,Sylvie,SYLVIEROBERT
Nuques,Corinne,Saint-pé,Denise,DENISESAINTPE
Ogier d ivry,Géraud,Lopez,Vivette,VIVETTELOPEZ
Olariu,Théa,Hingray,Jean,JEANHINGRAY
Olea,Cédric,Jomier,Bernard,BERNARDJOMIER
Olivier,Alex,Brossat,Ian,IANBROSSAT
Olivier,Béatrice,Allizard,Pascal,PASCALALLIZARD
Ott,Auguste,Schillinger,Patricia,PATRICIASCHILLINGER
Pack,Edouard,Rohfritsch,Teva,TEVAROHFRITSCH
Pages,Fabienne,Chain-larché,Anne,ANNECHAINLARCHE
Pages,Fabienne,Cuypers,Pierre,PIERRECUYPERS
Palacin,Lysiane,Espagnac,Frédérique,FREDERIQUEESPAGNAC
Palmaro,Nicolas,Guiol,André,ANDREGUIOL
Panastier-delpech,Anne,Vanlerenberghe,Jean-Marie,JEANMARIEVANLERENBERGHE
Parent,Maxime,Cambier,Guislain,GUISLAINCAMBIER
Parry,Stéphanie,Blanc,Jean-Baptiste,JEANBAPTISTEBLANC
Pascal-lericq,Sophie,Guhl,Antoinette,ANTOINETTEGUHL
Passard,Chryst,Phinera-horth,Marie-Laure,MARIELAUREPHINERAHORTH
Pattier,Vincent,Frassa,Christophe-André,CHRISTOPHEANDREFRASSA
Paulin-hippolyte,Nicolas,Bellurot,Nadine,NADINEBELLUROT
Pavy,Pierre,Housseau,Marie-Lise,MARIELISEHOUSSEAU
Pawlak,Angélique,Cadec,Alain,ALAINCADEC
Payet,Laurent,Malet,Viviane,VIVIANEMALET
Peifer,Sandra,Weber,Michaël,MICHAELWEBER
Pelage,Sarah,Xowie,Robert Wienie,ROBERTWIENIEXOWIE
Pelletier,Anne-Lise,Durain,Jérôme,JEROMEDURAIN
Pellissier de feligonde,Marie-Françoise,Théophile,Dominique,DOMINIQUETHEOPHILE
Penn-hanson,Estefania,Petrus,Annick,ANNICKPETRUS
Penot,Florine,Savin,Michel,MICHELSAVIN
Perdereau,Charles-Henri,Paccaud,Olivier,OLIVIERPACCAUD
Perera,Robin,Ollivier,Mathilde,MATHILDEOLLIVIER
Perez,Florent,Vogel,Louis,LOUISVOGEL
Pernot-ardenghi,Nanou,Pernot,Clément,CLEMENTPERNOT
Perrault,Emilio,Conte jaubert,Mireille,MIREILLECONTEJAUBERT
Perreau,Julien,Xowie,Robert Wienie,ROBERTWIENIEXOWIE
Perrin,Morand,Silvani,Silvana,SILVANASILVANI
Perrin,Marie,Michallet,Damien,DAMIENMICHALLET
Perry,Tumata,Tetuanui,Lana,LANATETUANUI
Perry,Tumata,Kulimoetoke,Mikaele,MIKAELEKULIMOETOKE
Petrides,Ornella,Fagnen,Sébastien,SEBASTIENFAGNEN
Pettinato,Marielle,Tetuanui,Lana,LANATETUANUI
Philippe,Mickaël,Martin,Pascal,PASCALMARTIN
Pianelli-balisoni,Barbara,Parigi,Paul Toussaint,PAULTOUSSAINTPARIGI
Pichol,Agathe,Pillefer,Bernard,BERNARDPILLEFER
Pierre-louis,Mireille,Patient,Georges,GEORGESPATIENT
Pieters,Christiane,Duffourg,Alain,ALAINDUFFOURG
Pignol,Catherine,Larcher,Gérard,GERARDLARCHER
Pineau,Jacquelin,Cambon,Christian,CHRISTIANCAMBON
Pique,Anne-Emmanuelle,Conconne,Catherine,CATHERINECONCONNE
Piras,Dylan,Cadic,Olivier,OLIVIERCADIC
Piteux,Christophe,Corbisez,Jean-Pierre,JEANPIERRECORBISEZ
Pons,Léo,Sautarel,Stéphane,STEPHANESAUTAREL
Porcu,Antonin,Klinger,Christian,CHRISTIANKLINGER
Portarrieu,Valérie,Médevielle,Pierre,PIERREMEDEVIELLE
Portelli,Antoine,Capus,Emmanuel,EMMANUELCAPUS
Potier,Alexane,Rossignol,Laurence,LAURENCEROSSIGNOL
Pougin de la maisonneuve,Carine,Malet,Viviane,VIVIANEMALET
Poujol,Romain,Salmon,Daniel,DANIELSALMON
Poupard,Hugo,Gay,Fabien,FABIENGAY
Poupard,de KERANFLEC'H Stéphanie,De legge,Dominique,DOMINIQUEDELEGGE
Pradines,Fanny,Duplomb,Laurent,LAURENTDUPLOMB
Precetti,Clémence,Loisier,Anne-Catherine,ANNECATHERINELOISIER
Pribetich,Noémie,Carlotti,Marie-Arlette,MARIEARLETTECARLOTTI
Priouret,Pascal,Le rudulier,Stéphane,STEPHANELERUDULIER
Puech,Sarah,Corbiere naminzo,Evelyne,EVELYNECORBIERENAMINZO
Puget,Patricia,Joly,Patrice,PATRICEJOLY
Puissegur-ripet,Jean,De montgolfier,Albéric,ALBERICDEMONTGOLFIER
Quiers,Théo,Conway-mouret,Hélène,HELENECONWAYMOURET
Rachet,Jacques,Nédélec,Anne-Marie,ANNEMARIENEDELEC
Rachid,Farda,Ramia,Salama,SALAMARAMIA
Racine,Caroline,Weber,Michaël,MICHAELWEBER
Rames,Tiana,Naturel,Georges,GEORGESNATUREL
Ramond,Emmanuelle,Daniel,Karine,KARINEDANIEL
Rapetti,Thalie,Marseille,Hervé,HERVEMARSEILLE
Ravel,Valérie,Wattebled,Dany,DANYWATTEBLED
Ravel,Valérie,Le gleut,Ronan,RONANLEGLEUT
Reclus,Morgane,Borchio fontimp,Alexandra,ALEXANDRABORCHIOFONTIMP
Reichard,Fabien,Lermytte,Marie-Claude,MARIECLAUDELERMYTTE
Reichard,Fabien,Wattebled,Dany,DANYWATTEBLED
Reinette,Esther,Fouassin,Stéphane,STEPHANEFOUASSIN
Renoult,Astrid,Szpiner,Francis,FRANCISSZPINER
Retif,Manuela,Maurey,Hervé,HERVEMAUREY
Reynes,Marie-Thérèse,Jourda,Gisèle,GISELEJOURDA
Rhimini,Samir,Pointereau,Rémy,REMYPOINTEREAU
Riff,Matthieu,Husson,Jean-François,JEANFRANCOISHUSSON
Rigaudiere,Jean-Marc,Gerbaud,Frédérique,FREDERIQUEGERBAUD
Robart,Christiane,Darras,Jérôme,JEROMEDARRAS
Robelet,Adrien,Deseyne,Chantal,CHANTALDESEYNE
Robert capblancq,Antoine,Brisson,Max,MAXBRISSON
Robert capblancq,Antoine,Piednoir,Stéphane,STEPHANEPIEDNOIR
Robin,Alexis,De montgolfier,Albéric,ALBERICDEMONTGOLFIER
Robin,Jules,Favreau,Gilbert,GILBERTFAVREAU
Robin,Teddy,Durox,Aymeric,AYMERICDUROX
Robin,Clotilde,Reynaud,Hervé,HERVEREYNAUD
Rocha,Nathan,Chaillou,Christophe,CHRISTOPHECHAILLOU
Roche,Laura,Ruelle,Jean-Luc,JEANLUCRUELLE
Rochinha,André,Poncet monge,Raymonde,RAYMONDEPONCETMONGE
Rodrigues,Jonathan,Romagny,Anne-Sophie,ANNESOPHIEROMAGNY
Roguet,Isabelle-Martine,Noël,Sylviane,SYLVIANENOEL
Roland,Iris,Le houerou,Annie,ANNIELEHOUEROU
Roldao-martins,Adeline,Fargeot,Daniel,DANIELFARGEOT
Rolland,Célian,Briante guillemont,Sophie,SOPHIEBRIANTEGUILLEMONT
Rondepierre,Nicolas,Meignen,Thierry,THIERRYMEIGNEN
Rougeot,Anne-Marie,Le gleut,Ronan,RONANLEGLEUT
Rousseau,Rodolphe,Chauvet,Patrick,PATRICKCHAUVET
Rousseau,Rodolphe,Martin,Pascal,PASCALMARTIN
Roux,Murielle,Nougein,Claude,CLAUDENOUGEIN
Rovarino,Isabelle,Carlotti,Marie-Arlette,MARIEARLETTECARLOTTI
Roy,Lisa,Antoine,Jocelyne,JOCELYNEANTOINE
Royer,Noé,Souyris,Anne,ANNESOUYRIS
Rozenberg,Clara,Jourda,Gisèle,GISELEJOURDA
Ruchon,Bryce,Le rudulier,Stéphane,STEPHANELERUDULIER
Ruellan,Tanguy,Senée,Ghislaine,GHISLAINESENEE
Ruer,Paul,Vermeillet,Sylvie,SYLVIEVERMEILLET
Ruzza,Laurence,Belrhiti,Catherine,CATHERINEBELRHITI
Saby,Béatrice,Stanzione,Lucien,LUCIENSTANZIONE
Sagot,Anatole,Genet,Fabien,FABIENGENET
Sahraoui,Saliha,Silvani,Silvana,SILVANASILVANI
Saifi,Nadir,Mellouli,Akli,AKLIMELLOULI
Saillour,Arthur,Vogel,Louis,LOUISVOGEL
Saint-jalm,Théo,Vogel,Mélanie,MELANIEVOGEL
Saint-jeannet,Marie-Thérèse,Duffourg,Alain,ALAINDUFFOURG
De saint-martin,Elisabeth,Josende,Lauriane,LAURIANEJOSENDE
Salles,Marguerite,Anglars,Jean-Claude,JEANCLAUDEANGLARS
Salot,Ari,Jacquin,Olivier,OLIVIERJACQUIN
Salviac,Arthur,Blanc,Grégory,GREGORYBLANC
Sambenoun,Jean Hermann,Bélim,Audrey,AUDREYBELIM
Sammarcelli,Marie,Cazabonne,Alain,ALAINCAZABONNE
Sandlar,Christof,Margaté,Marianne,MARIANNEMARGATE
Sarkissian,Lucine,Souyris,Anne,ANNESOUYRIS
Sarrazin,Marie-Lise,Grand,Jean-Pierre,JEANPIERREGRAND
Sarrazin-boespflug,Thibaud,Ruelle,Jean-Luc,JEANLUCRUELLE
Savalli sarrola,Mélissa,Parigi,Paul Toussaint,PAULTOUSSAINTPARIGI
Savreux,Pierre,Gruny,Pascale,PASCALEGRUNY
Scetbon,Arthur,Brulin,Céline,CELINEBRULIN
Schahl,Antoine,Ventalon,Anne,ANNEVENTALON
Schneider,Eloïse,Pernot,Clément,CLEMENTPERNOT
Schubnel,Loïc,Haye,Ludovic,LUDOVICHAYE
Sebille,Emilie,Blanc,Grégory,GREGORYBLANC
Sebrier,Valentin,Aeschlimann,Marie-Do,MARIEDOAESCHLIMANN
Seguinot,Ghislaine,Bourgi,Hussein,HUSSEINBOURGI
Seigner,Chrystèle,Sollogoub,Nadia,NADIASOLLOGOUB
Sen,Milan,Vallet,Mickaël,MICKAELVALLET
Serhir,Dana'a,Mellouli,Akli,AKLIMELLOULI
Sesmat,Bénédicte,Reynaud,Hervé,HERVEREYNAUD
Seyssel,Julien,Perrot,Évelyne,EVELYNEPERROT
Sghaier,Emna,Ziane,Adel,ADELZIANE
Sidobre,Simon,Briquet,Isabelle,ISABELLEBRIQUET
Sigalas,Manon,Conte jaubert,Mireille,MIREILLECONTEJAUBERT
Simon,Bruno,Duranton,Nicole,NICOLEDURANTON
Simon,Jean-Marie,Paoli-gagin,Vanina,VANINAPAOLIGAGIN
Singier,Philippe,Grosperrin,Jacques,JACQUESGROSPERRIN
Smee,Véronique,Muller-bronn,Laurence,LAURENCEMULLERBRONN
Smith,Alban,Martin,Pauline,PAULINEMARTIN
Soliveres,Mathieu,Leroy,Henri,HENRILEROY
Soly,Marie-Pierre,Laménie,Marc,MARCLAMENIE
Sore,Alexandra,Kern,Claude,CLAUDEKERN
Sore,Alexandra,De nicolay,Louis-Jean,LOUISJEANDENICOLAY
Souleau-joffre,Marie,Goulet,Nathalie,NATHALIEGOULET
Sourice,Sonia,Belin,Bruno,BRUNOBELIN
Stoffel-munck,Lucie,Szpiner,Francis,FRANCISSZPINER
Stoffel-munck,Lucie,Klinger,Christian,CHRISTIANKLINGER
Subra,Emilie,Médevielle,Pierre,PIERREMEDEVIELLE
Sylvestre,Natalène,Delcros,Bernard,BERNARDDELCROS
Taghianosyan,Lia,Jacquin,Olivier,OLIVIERJACQUIN
Taillard,Sophie,Gold,Éric,ERICGOLD
Talarico,Sandy,Brossat,Ian,IANBROSSAT
Tange,Alexandre,Barros,Pierre,PIERREBARROS
Tanguy,Emmeline,Gold,Éric,ERICGOLD
Tanguy,Emmeline,Guillotin,Véronique,VERONIQUEGUILLOTIN
Tarquis,Gwendoline,Naturel,Georges,GEORGESNATUREL
Tarquis,Gwendoline,Pluchet,Kristina,KRISTINAPLUCHET
Taurines,Céline,Poumirol,Emilienne,EMILIENNEPOUMIROL
Taveira,Maer *,Lefèvre,Antoine,ANTOINELEFEVRE
Tavernier,Théodore,Naturel,Georges,GEORGESNATUREL
Teixeira,Hugo,Lefèvre,Antoine,ANTOINELEFEVRE
Testu,de BALINCOURT Gabriel,Olivier,Jean-Baptiste,JEANBAPTISTEOLIVIER
Theaud,Mélissa,Belin,Bruno,BRUNOBELIN
Thebault,Léon,De marco,Monique,MONIQUEDEMARCO
Thellier,Christelle,Vial,Cédric,CEDRICVIAL
Theoleyre,Marianne,Devinaz,Gilbert-Luc,GILBERTLUCDEVINAZ
Thibault,Nicolas,Bazin,Arnaud,ARNAUDBAZIN
Thomas,Peggy,De la provôté,Sonia,SONIADELAPROVOTE
Thuriot,Maxime,Rambaud,Didier,DIDIERRAMBAUD
Thuriot,Maxime,Buis,Bernard,BERNARDBUIS
Tirloy,Sylvie,Henno,Olivier,OLIVIERHENNO
Tissut,Charlotte,Bleunven,Yves,YVESBLEUNVEN
Tolini,Nicolas,Allizard,Pascal,PASCALALLIZARD
Toucourt,Emmanuelle,Roiron,Pierre-Alain,PIERREALAINROIRON
Toujas,Yseult,Espagnac,Frédérique,FREDERIQUEESPAGNAC
Toussaint,Stéphanie,Corbiere naminzo,Evelyne,EVELYNECORBIERENAMINZO
Trabelsi,Dhaker,Ollivier,Mathilde,MATHILDEOLLIVIER
Traore,Birahima,Ros,David,DAVIDROS
Tresgots,Brigitte,Gosselin,Béatrice,BEATRICEGOSSELIN
Treutenaere,Barbara,Boyer,Jean-Marc,JEANMARCBOYER
Treutenaere,Barbara,Duplomb,Laurent,LAURENTDUPLOMB
Trinchero,Stéphane,Rambaud,Didier,DIDIERRAMBAUD
Tritz,Ulrich,Houpert,Alain,ALAINHOUPERT
De turckheim,Alice,Reichardt,André,ANDREREICHARDT
Uchan,Jérôme,Artigalas,Viviane,VIVIANEARTIGALAS
Ugatai,Sandrine,Kulimoetoke,Mikaele,MIKAELEKULIMOETOKE
Valtille,Bastien,Jadot,Yannick,YANNICKJADOT
Vancina,Anne-Sophie,Lopez,Vivette,VIVETTELOPEZ
Van der meulen,Philippine,Di folco,Catherine,CATHERINEDIFOLCO
Van der meulen,Philippine,Rapin,Jean-François,JEANFRANCOISRAPIN
Vannson,Chantal,Hervé,Loïc,LOICHERVE
Van roy,Eric,Michau,Jean-Jacques,JEANJACQUESMICHAU
Van roy,Eric,Fichet,Jean-Luc,JEANLUCFICHET
Vattard,Pierre,Noël,Sylviane,SYLVIANENOEL
Vaudron,Christine,Bitz,Olivier,OLIVIERBITZ
Vekeman,Jacques,Marseille,Hervé,HERVEMARSEILLE
Veronese,Kévin,Guillotin,Véronique,VERONIQUEGUILLOTIN
Veyret,Pierre-Jean,Buis,Bernard,BERNARDBUIS
Vidal,Marjorie,Arnaud,Jean-Michel,JEANMICHELARNAUD
Vigneau,Adeline,Grand,Jean-Pierre,JEANPIERREGRAND
Vignoud,Alexia,Berthet,Martine,MARTINEBERTHET
Vigorie,Cyrille,Sol,Jean,JEANSOL
Vigot,Thomas,Bélim,Audrey,AUDREYBELIM
Vilijn,Patricia,Brisson,Max,MAXBRISSON
Villemain,Louison,Jomier,Bernard,BERNARDJOMIER
Villeneuve,Jordan,Bonnefoy,Nicole,NICOLEBONNEFOY
Violand,Lucas,Chaillou,Christophe,CHRISTOPHECHAILLOU
Vital durand,Louis,Saint-pé,Denise,DENISESAINTPE
Vitali,Matteo,Grosperrin,Jacques,JACQUESGROSPERRIN
Vito,Sophie-Charlotte,Herzog,Christine,CHRISTINEHERZOG
Vivet,Grégoire,Lefèvre,Antoine,ANTOINELEFEVRE
Vivion,Anaïs,Daniel,Karine,KARINEDANIEL
Vogler,Hector,Fernique,Jacques,JACQUESFERNIQUE
Voisin,Matthieu,Meignen,Thierry,THIERRYMEIGNEN
Vuillemenot,Clément,Conconne,Catherine,CATHERINECONCONNE
Wagner,Ludine,Schalck,Elsa,ELSASCHALCK
Waquet,Juliette,Apourceau-poly,Cathy,CATHYAPOURCEAUPOLY
Williot,Clément,Delcros,Bernard,BERNARDDELCROS
Yang,May-Si,Di folco,Catherine,CATHERINEDIFOLCO
Yanno,Gaël,Naturel,Georges,GEORGESNATUREL
Yenbou,Mohammed,Laouedj,Ahmed,AHMEDLAOUEDJ
Youssouf,Awa,Omar oili,Saïd,SAIDOMAROILI
Zaada,Laetitia,Fialaire,Bernard,BERNARDFIALAIRE
Zampiello,Betty,Pantel,Guylène,GUYLENEPANTEL
Zech,Julie,Klinger,Christian,CHRISTIANKLINGER
Zekri,Sarah,Duranton,Nicole,NICOLEDURANTON
Zribi,Rayane,Dumoulin,Éric,ERICDUMOULIN
Zundel,Véronique,Drexler,Sabine,SABINEDREXLER
